metric_id,timestamp,active_users,page_views,listings_viewed,bids_placed,matches_made,avg_session_duration_sec,platform_section,device_type
M0001,2025-08-11 01:50:03,1939,2927,452,37,19,100,portfolio,desktop
M0002,2026-05-17 20:12:18,1900,1681,759,64,3,229,portfolio,desktop
M0003,2025-09-09 05:44:55,1896,608,203,58,18,774,portfolio,mobile
M0004,2025-03-12 01:04:14,1074,5509,728,83,29,773,portfolio,mobile
M0005,2025-04-06 23:01:52,423,2070,743,57,20,416,marketplace,desktop
M0006,2025-10-26 07:54:27,2145,10228,183,48,17,434,marketplace,mobile
M0007,2025-09-18 08:27:10,2366,14475,695,110,4,211,portfolio,desktop
M0008,2025-02-09 20:29:48,1768,5247,336,93,24,501,discovery,mobile
M0009,2025-04-02 07:21:53,588,3523,23,79,24,304,marketplace,desktop
M0010,2026-01-23 07:21:54,2276,13429,25,77,28,550,portfolio,desktop
M0011,2026-05-28 05:25:24,1998,7634,439,56,2,660,marketplace,desktop
M0012,2026-03-02 03:11:13,1189,10354,663,71,26,890,portfolio,desktop
M0013,2025-04-26 03:41:43,275,10903,377,4,4,78,discovery,desktop
M0014,2025-03-10 02:53:47,250,1984,446,22,5,733,discovery,mobile
M0015,2026-06-22 02:44:53,2486,9576,595,22,30,511,discovery,tablet
M0016,2025-03-14 07:59:59,1275,5489,397,114,12,884,marketplace,mobile
M0017,2026-03-04 13:31:29,315,4997,502,17,3,756,discovery,desktop
M0018,2025-11-18 09:00:23,2198,3638,732,26,19,104,marketplace,desktop
M0019,2026-05-04 13:00:39,2216,1636,515,92,22,664,discovery,desktop
M0020,2025-09-03 19:46:27,1113,8808,608,79,11,177,compliance,desktop
M0021,2026-05-06 18:40:46,2088,8269,204,113,19,283,discovery,tablet
M0022,2025-01-02 05:28:13,534,592,496,80,25,165,portfolio,mobile
M0023,2025-11-19 01:18:08,1745,945,361,44,17,870,portfolio,desktop
M0024,2025-06-06 06:24:00,1203,4368,89,39,9,563,discovery,mobile
M0025,2025-03-30 10:04:15,1415,5792,425,92,18,675,marketplace,mobile
M0026,2025-05-31 16:42:45,1403,13861,366,118,21,535,compliance,mobile
M0027,2026-05-17 11:49:47,606,8088,179,80,14,594,discovery,desktop
M0028,2025-11-18 12:38:39,279,13882,553,38,18,787,discovery,desktop
M0029,2025-01-15 12:56:12,903,9660,721,42,25,859,discovery,desktop
M0030,2025-04-26 23:14:42,1198,13974,51,43,12,686,portfolio,desktop
M0031,2025-10-30 14:02:30,817,9951,139,110,25,814,discovery,mobile
M0032,2025-09-02 06:41:37,179,4648,443,11,15,288,discovery,desktop
M0033,2025-08-24 01:24:28,935,8803,329,22,3,428,marketplace,mobile
M0034,2025-03-13 22:15:57,1867,8490,45,102,15,557,portfolio,desktop
M0035,2026-01-11 12:34:12,2194,5284,355,18,24,145,portfolio,desktop
M0036,2025-01-29 09:23:19,1931,6550,750,110,16,163,marketplace,desktop
M0037,2025-02-04 04:46:40,2484,14484,109,42,14,92,marketplace,desktop
M0038,2026-05-27 20:21:26,1329,568,611,97,9,699,portfolio,desktop
M0039,2025-05-30 13:18:39,1223,4732,565,40,24,496,marketplace,desktop
M0040,2025-05-03 07:56:18,1170,2075,35,79,17,571,marketplace,desktop
M0041,2025-09-30 02:24:12,2300,5418,297,18,30,766,discovery,desktop
M0042,2025-05-14 00:47:49,341,5301,647,114,10,598,compliance,desktop
M0043,2025-01-23 12:27:46,1978,14999,711,6,3,437,marketplace,desktop
M0044,2025-11-01 09:51:28,783,11745,630,114,18,689,compliance,mobile
M0045,2025-08-31 16:18:57,1411,13592,222,91,24,731,marketplace,tablet
M0046,2025-12-28 17:11:26,2375,2359,115,104,25,760,compliance,desktop
M0047,2025-08-30 02:07:13,1956,7909,257,28,4,676,discovery,tablet
M0048,2025-11-01 12:50:36,801,11662,701,42,25,377,compliance,desktop
M0049,2025-02-20 18:29:44,1996,2049,379,61,14,219,discovery,mobile
M0050,2026-04-15 11:34:57,2403,2287,540,13,12,882,marketplace,desktop
M0051,2026-05-20 10:39:06,340,13183,329,68,14,455,compliance,desktop
M0052,2025-07-09 06:43:50,2294,2805,513,49,2,393,portfolio,mobile
M0053,2026-04-05 00:28:58,1815,13050,465,72,25,395,portfolio,desktop
M0054,2026-06-05 02:20:44,369,12313,748,73,26,543,marketplace,desktop
M0055,2025-12-26 13:14:19,1382,9294,119,105,14,225,discovery,tablet
M0056,2025-02-24 01:34:49,2500,1981,721,104,19,834,compliance,desktop
M0057,2026-05-16 23:28:06,301,1683,242,104,4,639,marketplace,mobile
M0058,2026-05-29 07:43:19,661,7621,564,37,12,675,compliance,desktop
M0059,2026-06-14 08:23:37,1346,5110,603,101,29,740,discovery,tablet
M0060,2025-12-04 15:53:57,1460,1662,616,1,19,567,compliance,mobile
M0061,2025-08-17 11:59:58,305,6249,582,6,0,765,discovery,desktop
M0062,2025-08-08 04:45:41,177,4054,462,89,18,448,discovery,mobile
M0063,2025-11-12 08:59:50,1612,7330,578,27,21,222,compliance,desktop
M0064,2026-03-08 09:48:31,1625,14017,388,107,13,202,discovery,tablet
M0065,2026-06-05 10:56:13,564,2400,31,9,20,61,portfolio,mobile
M0066,2026-01-14 00:46:13,1838,2424,106,17,20,870,compliance,mobile
M0067,2026-06-25 03:01:07,1793,10411,204,58,16,479,compliance,desktop
M0068,2025-06-25 08:06:56,811,7159,639,0,18,555,portfolio,mobile
M0069,2025-07-29 03:11:31,1732,9148,610,46,1,83,compliance,mobile
M0070,2025-03-29 21:32:12,2426,8089,727,10,4,792,discovery,desktop
M0071,2025-03-02 18:23:55,2193,14780,644,11,7,528,marketplace,mobile
M0072,2026-02-23 19:21:52,2424,5319,647,6,28,396,marketplace,desktop
M0073,2026-02-03 04:43:58,1971,9603,771,42,13,406,discovery,desktop
M0074,2025-01-28 10:31:43,2497,12478,331,93,25,622,discovery,desktop
M0075,2026-01-03 12:21:05,2418,2970,606,6,21,343,marketplace,desktop
M0076,2025-03-06 02:06:03,569,8483,98,108,25,329,discovery,desktop
M0077,2025-08-07 05:41:47,1177,14255,283,1,23,159,portfolio,tablet
M0078,2025-04-28 09:22:19,1879,6258,199,33,25,762,portfolio,desktop
M0079,2026-02-14 15:14:26,185,5817,106,18,19,886,portfolio,mobile
M0080,2025-11-17 17:54:22,1619,4098,696,56,23,697,portfolio,desktop
M0081,2025-09-26 00:40:39,272,10722,290,96,26,163,marketplace,desktop
M0082,2025-11-06 17:08:30,2000,5137,507,95,30,815,portfolio,desktop
M0083,2025-10-30 23:26:27,1993,4502,168,67,27,490,marketplace,desktop
M0084,2025-12-15 14:37:22,1614,11316,343,67,21,87,marketplace,tablet
M0085,2026-05-11 02:26:50,1499,14032,462,78,29,712,discovery,desktop
M0086,2025-07-27 10:52:39,452,4383,690,74,12,517,portfolio,mobile
M0087,2026-04-03 06:36:58,848,8718,365,86,22,229,discovery,desktop
M0088,2026-06-07 13:56:08,84,13826,89,1,13,145,marketplace,mobile
M0089,2025-10-01 00:44:27,948,12082,310,32,6,79,marketplace,mobile
M0090,2025-02-14 04:21:20,2483,10957,242,76,20,169,marketplace,desktop
M0091,2026-04-15 16:09:36,582,6359,692,97,28,708,portfolio,mobile
M0092,2026-06-25 07:55:25,804,4350,321,59,21,122,compliance,tablet
M0093,2025-08-03 16:09:46,1798,11541,703,98,24,376,discovery,desktop
M0094,2025-02-27 11:24:18,1185,12932,83,48,12,385,marketplace,desktop
M0095,2025-07-25 13:42:37,778,7418,91,62,29,250,compliance,desktop
M0096,2026-01-18 04:36:46,494,2557,573,98,13,268,marketplace,tablet
M0097,2025-07-21 04:02:24,473,771,94,9,18,790,discovery,mobile
M0098,2025-01-15 13:48:03,2088,2638,688,81,0,83,compliance,desktop
M0099,2026-06-28 17:58:29,1400,6611,608,0,16,769,compliance,desktop
M0100,2025-11-10 17:28:45,337,9049,251,0,12,750,compliance,desktop
M0101,2026-02-20 18:47:28,1520,5663,718,38,12,101,marketplace,desktop
M0102,2025-09-22 03:13:47,379,13981,490,97,24,341,portfolio,desktop
M0103,2025-01-31 13:11:10,1623,11025,215,38,22,444,marketplace,mobile
M0104,2025-10-07 01:06:45,2042,1590,667,56,23,239,portfolio,desktop
M0105,2025-01-20 16:49:49,2478,4107,520,49,2,856,discovery,desktop
M0106,2025-12-15 23:41:40,117,806,367,7,10,851,marketplace,desktop
M0107,2025-06-14 09:58:01,2192,7709,714,111,27,594,portfolio,mobile
M0108,2025-06-30 23:10:02,345,804,773,18,15,714,marketplace,desktop
M0109,2026-04-26 07:17:28,237,4176,738,83,4,59,portfolio,mobile
M0110,2025-08-27 17:10:59,448,7674,645,21,26,650,marketplace,mobile
M0111,2025-03-24 14:09:26,517,8345,629,102,19,270,marketplace,mobile
M0112,2025-11-28 01:09:27,1431,13495,775,86,12,377,marketplace,tablet
M0113,2026-03-24 08:48:11,2285,2450,349,107,30,857,portfolio,mobile
M0114,2026-04-06 15:54:37,760,5696,84,15,8,189,compliance,desktop
M0115,2025-10-15 07:56:43,2316,2903,469,31,29,640,marketplace,desktop
M0116,2026-05-07 00:57:42,1590,12941,181,2,28,543,marketplace,desktop
M0117,2025-05-20 08:29:52,415,11779,687,75,28,335,compliance,mobile
M0118,2026-01-05 17:30:56,569,3577,166,81,8,580,compliance,desktop
M0119,2025-05-16 13:49:40,204,9969,204,91,15,671,marketplace,mobile
M0120,2025-08-22 22:46:14,1474,7061,24,71,7,241,marketplace,tablet
M0121,2025-03-16 07:40:34,1532,14334,799,69,16,269,compliance,mobile
M0122,2026-05-28 02:44:56,902,4728,74,24,3,860,portfolio,mobile
M0123,2026-01-04 11:41:46,2087,3088,183,85,29,89,marketplace,mobile
M0124,2025-08-10 09:59:16,908,7321,277,42,19,869,compliance,desktop
M0125,2025-02-10 17:51:41,2251,3081,181,100,0,541,marketplace,desktop
M0126,2025-07-02 18:18:24,1871,9910,613,41,13,248,discovery,desktop
M0127,2025-03-27 13:01:31,1385,3931,120,30,23,467,portfolio,desktop
M0128,2025-06-21 09:27:07,351,7916,619,62,1,491,portfolio,desktop
M0129,2026-04-19 08:39:53,1913,3117,416,47,4,513,portfolio,mobile
M0130,2025-07-29 11:28:13,878,5703,150,4,22,627,marketplace,desktop
M0131,2025-03-28 07:13:36,1956,7713,448,21,24,396,portfolio,mobile
M0132,2026-04-14 20:35:25,692,13135,673,78,28,219,portfolio,desktop
M0133,2026-02-10 06:28:30,2053,14326,241,75,15,518,discovery,desktop
M0134,2025-11-29 12:33:20,1060,4260,355,55,18,272,portfolio,tablet
M0135,2025-01-04 22:39:10,1761,924,61,60,23,832,marketplace,desktop
M0136,2025-11-03 06:39:37,2013,13466,733,105,3,508,compliance,desktop
M0137,2026-03-10 18:57:05,100,11556,769,52,30,268,portfolio,desktop
M0138,2025-07-05 16:26:45,421,460,511,85,9,210,compliance,mobile
M0139,2026-03-30 08:12:47,149,7652,494,98,4,765,compliance,desktop
M0140,2025-10-15 17:08:16,1951,11732,668,0,27,687,marketplace,desktop
M0141,2026-06-21 12:31:30,1413,8898,53,37,13,815,discovery,mobile
M0142,2026-04-21 17:51:02,2271,9624,232,100,21,127,discovery,mobile
M0143,2025-02-12 13:45:49,2158,11253,392,113,1,158,compliance,desktop
M0144,2026-04-26 21:29:02,217,6189,395,22,20,617,marketplace,desktop
M0145,2025-06-09 00:07:09,616,5687,264,69,3,709,compliance,mobile
M0146,2026-03-27 14:12:32,909,12539,782,97,7,373,discovery,mobile
M0147,2026-01-27 03:09:00,1782,4740,75,8,11,398,compliance,desktop
M0148,2026-02-14 02:04:30,552,7903,746,68,21,890,discovery,desktop
M0149,2025-10-13 22:44:09,318,3285,488,11,2,445,portfolio,desktop
M0150,2025-03-01 18:24:06,497,2899,302,14,22,196,compliance,desktop
M0151,2025-06-08 15:36:38,2182,10477,43,37,13,743,portfolio,desktop
M0152,2025-11-23 07:47:25,1868,12286,680,2,9,238,marketplace,desktop
M0153,2025-06-30 10:54:32,2178,10762,363,52,18,396,discovery,desktop
M0154,2026-06-02 04:26:35,2221,13993,581,56,14,356,portfolio,mobile
M0155,2025-08-27 01:28:51,753,13131,286,29,15,425,discovery,mobile
M0156,2025-02-06 18:05:20,657,5985,311,58,30,215,portfolio,mobile
M0157,2025-08-10 13:22:54,796,3073,745,88,28,727,portfolio,desktop
M0158,2025-04-01 19:29:49,218,5387,608,16,14,311,discovery,desktop
M0159,2026-03-13 21:31:19,192,11104,344,44,4,426,compliance,desktop
M0160,2025-05-07 07:02:20,2235,5140,144,117,0,459,compliance,mobile
M0161,2025-12-22 18:29:53,1361,2756,24,94,17,564,discovery,mobile
M0162,2025-08-18 13:34:45,1991,14879,316,120,24,632,portfolio,mobile
M0163,2025-12-10 09:26:40,1437,11490,135,93,15,86,portfolio,mobile
M0164,2025-04-01 18:43:42,1311,606,431,79,26,270,compliance,desktop
M0165,2025-09-11 11:54:43,275,10163,676,24,18,584,portfolio,mobile
M0166,2025-08-04 20:56:16,851,569,105,68,27,501,marketplace,tablet
M0167,2025-11-03 08:35:20,846,8235,345,77,19,568,marketplace,tablet
M0168,2025-10-08 10:44:13,1678,2623,753,109,13,423,compliance,desktop
M0169,2025-08-10 02:16:02,1462,5956,335,57,27,619,marketplace,desktop
M0170,2025-12-12 00:52:03,1752,13367,473,36,5,870,compliance,mobile
M0171,2025-11-18 17:07:54,621,13889,621,76,2,192,portfolio,desktop
M0172,2026-02-13 00:19:16,1423,1283,624,96,12,135,marketplace,desktop
M0173,2025-08-01 07:13:09,1747,3065,589,59,22,626,portfolio,desktop
M0174,2025-10-24 12:41:59,1235,9274,522,5,26,891,discovery,mobile
M0175,2025-08-25 01:22:28,2073,9363,777,59,7,72,marketplace,desktop
M0176,2025-08-22 03:33:47,1985,2234,689,85,28,339,compliance,desktop
M0177,2026-06-19 06:19:34,1052,666,142,97,8,549,marketplace,desktop
M0178,2025-10-08 23:41:09,2430,8072,599,55,27,309,compliance,tablet
M0179,2025-04-03 21:12:05,1578,8597,770,73,0,310,portfolio,desktop
M0180,2025-04-24 12:11:36,1359,7753,729,17,11,212,marketplace,desktop
M0181,2025-11-22 20:18:28,1508,998,316,37,16,699,marketplace,desktop
M0182,2026-05-03 19:19:36,800,12728,116,76,24,216,discovery,mobile
M0183,2026-06-17 00:42:47,1283,4647,721,89,22,416,marketplace,desktop
M0184,2025-10-01 02:50:47,638,411,160,66,9,426,compliance,desktop
M0185,2025-05-07 15:05:00,469,3769,178,64,7,896,portfolio,mobile
M0186,2026-03-10 22:05:16,2203,14062,564,91,17,764,marketplace,desktop
M0187,2025-03-01 08:12:19,527,13615,154,118,0,536,discovery,desktop
M0188,2025-10-09 14:46:04,619,13586,472,113,19,580,discovery,desktop
M0189,2025-08-25 15:43:34,167,12397,141,28,4,755,portfolio,mobile
M0190,2025-08-27 18:52:45,563,3638,153,10,13,752,marketplace,desktop
M0191,2026-01-12 03:09:55,1816,896,221,13,1,857,marketplace,desktop
M0192,2025-07-16 12:29:39,227,1285,328,85,0,817,marketplace,mobile
M0193,2026-04-13 10:12:55,891,9827,224,23,21,404,marketplace,desktop
M0194,2025-08-04 10:39:25,2424,5898,380,20,27,557,portfolio,desktop
M0195,2025-02-23 01:53:41,455,13628,612,97,0,586,portfolio,mobile
M0196,2025-08-07 22:11:29,753,14972,792,68,0,787,marketplace,tablet
M0197,2026-01-27 14:52:51,1994,6204,734,75,5,495,marketplace,desktop
M0198,2025-10-03 14:22:04,1604,7148,239,65,7,462,marketplace,mobile
M0199,2025-09-02 02:36:32,556,7833,132,66,4,552,discovery,mobile
M0200,2026-03-09 17:41:43,216,1547,355,63,3,439,discovery,desktop
M0201,2025-08-31 08:13:49,1868,3900,587,52,9,483,portfolio,mobile
M0202,2026-01-05 11:15:29,1555,3137,33,86,15,733,marketplace,desktop
M0203,2026-02-10 23:07:58,398,2153,166,50,12,756,marketplace,mobile
M0204,2025-05-12 01:13:43,315,6159,223,43,6,654,compliance,desktop
M0205,2025-11-26 21:03:36,2094,4763,750,98,18,652,discovery,mobile
M0206,2026-05-16 01:52:58,1689,6034,507,85,19,459,compliance,desktop
M0207,2025-04-25 11:15:08,1912,1970,145,32,15,554,portfolio,mobile
M0208,2025-04-15 13:16:55,171,1831,775,6,26,114,compliance,mobile
M0209,2025-05-20 02:35:08,1617,10105,715,41,4,355,marketplace,mobile
M0210,2026-05-29 11:26:08,2179,12775,524,101,14,251,discovery,mobile
M0211,2026-01-16 18:55:44,2117,4487,575,43,25,598,marketplace,tablet
M0212,2025-01-25 13:02:20,1812,14619,141,49,14,367,compliance,desktop
M0213,2025-01-28 22:44:12,184,3097,590,84,27,843,discovery,mobile
M0214,2025-05-08 11:52:13,2063,7256,157,39,22,443,compliance,mobile
M0215,2026-03-18 20:13:47,2059,11014,587,87,17,630,compliance,desktop
M0216,2025-05-02 09:50:50,2125,1113,420,33,15,650,compliance,mobile
M0217,2025-10-01 23:59:35,1215,5450,82,3,18,91,portfolio,mobile
M0218,2025-09-28 23:32:04,2441,640,660,43,12,144,compliance,desktop
M0219,2025-10-05 13:47:11,1737,5955,77,84,7,298,portfolio,mobile
M0220,2026-04-06 05:35:27,397,11472,87,111,9,162,discovery,desktop
M0221,2026-02-23 04:49:00,1385,812,491,84,27,477,compliance,desktop
M0222,2026-06-25 13:36:22,1973,9833,42,40,12,629,compliance,desktop
M0223,2025-03-17 21:44:18,2050,1839,727,86,6,389,compliance,desktop
M0224,2026-06-03 09:00:20,1440,2930,649,38,11,491,portfolio,desktop
M0225,2025-02-28 12:05:18,2244,3707,314,33,1,349,compliance,mobile
M0226,2026-05-01 02:52:16,426,11958,612,12,18,389,discovery,desktop
M0227,2026-02-17 11:44:38,1996,7197,234,44,25,123,discovery,desktop
M0228,2025-08-21 22:42:33,1823,11070,572,40,6,469,compliance,desktop
M0229,2026-02-05 07:10:43,1906,11202,580,23,28,64,portfolio,desktop
M0230,2025-06-15 09:43:40,1964,4589,673,68,25,674,compliance,tablet
M0231,2026-05-02 19:37:29,295,8756,225,46,14,196,portfolio,desktop
M0232,2026-06-17 07:02:29,1279,14030,465,52,10,895,marketplace,mobile
M0233,2025-11-17 08:24:31,1143,13695,313,82,5,307,portfolio,desktop
M0234,2025-03-30 04:53:07,664,3344,48,31,25,892,discovery,desktop
M0235,2026-03-11 19:53:40,1836,7114,682,115,1,251,portfolio,desktop
M0236,2025-01-23 15:14:37,1108,13137,304,84,17,225,marketplace,tablet
M0237,2026-01-13 08:45:02,131,1106,105,40,19,350,marketplace,tablet
M0238,2025-11-13 03:09:27,1538,11204,693,113,2,451,portfolio,desktop
M0239,2026-03-20 11:42:54,2099,2176,554,85,26,639,discovery,desktop
M0240,2025-03-12 02:21:33,1025,10027,145,98,25,365,discovery,mobile
M0241,2025-10-30 21:12:26,1016,7128,243,18,3,224,portfolio,tablet
M0242,2025-12-08 08:24:55,1722,4366,623,7,15,591,discovery,mobile
M0243,2025-03-29 17:45:07,1346,9141,453,60,21,297,discovery,mobile
M0244,2025-04-23 13:20:48,1536,7986,752,47,26,360,marketplace,mobile
M0245,2026-04-16 13:12:18,192,13986,777,84,25,100,portfolio,desktop
M0246,2025-10-26 19:08:43,1316,10668,737,46,28,876,marketplace,desktop
M0247,2025-07-03 14:28:40,1862,6564,28,116,30,447,discovery,desktop
M0248,2025-07-02 21:18:03,1268,3646,184,117,14,691,discovery,mobile
M0249,2026-05-16 13:02:11,1714,13132,54,35,27,127,compliance,desktop
M0250,2025-11-17 18:09:24,1412,11953,452,112,29,884,marketplace,mobile
M0251,2026-06-27 12:39:06,1118,8495,87,45,13,661,discovery,desktop
M0252,2025-01-22 05:51:27,263,10708,676,23,20,499,portfolio,desktop
M0253,2025-06-05 09:40:27,1301,5340,609,10,3,206,portfolio,desktop
M0254,2026-05-20 05:36:10,582,14076,628,87,13,856,discovery,desktop
M0255,2025-04-14 16:48:11,1117,3042,723,75,26,380,discovery,desktop
M0256,2025-11-18 22:46:24,1555,3180,422,112,12,899,portfolio,desktop
M0257,2025-01-18 20:11:36,2337,10802,646,80,7,136,compliance,desktop
M0258,2026-06-29 16:27:19,741,1015,430,79,13,659,discovery,desktop
M0259,2025-10-13 18:31:43,746,9493,140,1,22,583,compliance,mobile
M0260,2025-12-19 09:43:39,2074,2141,249,91,6,240,discovery,desktop
M0261,2026-01-19 19:57:43,1614,2333,461,109,6,659,portfolio,tablet
M0262,2025-08-08 18:53:30,825,7053,204,52,25,194,marketplace,desktop
M0263,2025-07-23 08:17:44,1014,10320,481,116,7,423,compliance,desktop
M0264,2025-12-31 04:35:12,595,14477,351,88,12,748,portfolio,mobile
M0265,2025-11-25 18:42:54,2496,4398,94,12,17,105,marketplace,desktop
M0266,2025-07-02 09:45:42,1978,6004,640,120,21,866,marketplace,desktop
M0267,2026-01-27 21:20:40,1610,5156,424,85,11,180,marketplace,desktop
M0268,2025-07-22 04:11:17,745,8453,524,119,10,524,portfolio,desktop
M0269,2026-02-16 23:48:58,1823,2523,286,14,10,90,portfolio,desktop
M0270,2025-08-07 06:13:54,1526,7246,309,115,28,314,discovery,desktop
M0271,2025-12-05 11:26:29,725,5369,774,62,24,199,compliance,desktop
M0272,2025-04-26 10:29:33,273,3966,207,4,15,311,portfolio,mobile
M0273,2025-12-05 23:38:32,525,14866,526,5,14,410,compliance,desktop
M0274,2025-03-29 08:58:55,656,2225,377,11,6,335,portfolio,mobile
M0275,2026-01-31 03:33:33,1167,9428,699,74,6,642,marketplace,desktop
M0276,2026-03-20 08:15:21,789,7022,98,31,24,555,marketplace,mobile
M0277,2025-01-21 03:58:11,1214,11362,716,15,12,427,marketplace,mobile
M0278,2025-04-30 10:34:57,168,1528,491,106,22,720,compliance,desktop
M0279,2025-07-29 04:27:34,2483,10980,25,42,1,716,compliance,desktop
M0280,2026-03-19 01:52:56,579,3663,69,102,20,334,discovery,mobile
M0281,2025-02-24 22:23:33,2291,10067,410,11,12,306,portfolio,desktop
M0282,2025-11-06 20:21:24,415,536,233,20,12,843,compliance,desktop
M0283,2026-05-24 00:38:32,681,2175,325,62,25,487,discovery,tablet
M0284,2026-04-14 18:18:32,587,6082,701,12,26,421,portfolio,desktop
M0285,2025-10-29 10:30:47,2001,4598,596,76,13,137,compliance,mobile
M0286,2026-04-22 19:19:29,813,7312,665,54,2,86,discovery,tablet
M0287,2026-06-10 09:45:22,968,10810,722,91,4,552,marketplace,desktop
M0288,2025-12-06 16:53:52,374,13332,509,38,4,175,discovery,mobile
M0289,2026-02-11 07:08:33,1801,5041,602,6,17,123,marketplace,desktop
M0290,2026-02-01 15:14:07,1790,6966,116,59,21,782,discovery,desktop
M0291,2026-03-31 19:46:35,384,12793,535,2,3,803,compliance,desktop
M0292,2025-05-22 12:36:20,1659,941,105,53,28,766,discovery,desktop
M0293,2025-12-20 09:46:48,1892,10420,291,43,30,874,portfolio,desktop
M0294,2025-03-02 18:08:10,1112,14480,709,13,13,592,marketplace,desktop
M0295,2025-04-01 15:02:25,104,3013,691,61,14,753,compliance,mobile
M0296,2026-04-13 11:59:42,2043,5161,653,104,19,414,compliance,mobile
M0297,2025-03-10 01:38:14,562,2413,34,24,3,880,marketplace,mobile
M0298,2025-05-27 04:41:44,159,3628,512,83,4,710,portfolio,desktop
M0299,2026-05-02 06:35:18,2256,3327,108,38,24,519,portfolio,desktop
M0300,2025-01-17 22:41:42,527,2921,176,94,22,500,compliance,desktop
M0301,2025-12-16 03:35:26,2447,4175,226,37,18,894,compliance,desktop
M0302,2025-01-07 02:47:14,470,10528,750,55,13,552,discovery,desktop
M0303,2025-11-07 10:34:55,2041,8610,625,92,19,739,compliance,desktop
M0304,2025-02-17 03:37:02,2213,511,452,73,10,611,marketplace,desktop
M0305,2026-05-19 13:11:35,1758,14767,504,14,15,682,discovery,desktop
M0306,2025-12-05 19:55:00,135,2843,314,92,6,525,discovery,desktop
M0307,2026-01-30 07:01:11,949,9828,721,43,29,661,compliance,desktop
M0308,2025-08-16 21:15:40,1648,7029,709,83,23,413,compliance,mobile
M0309,2025-05-06 20:22:44,898,4827,727,95,2,728,compliance,desktop
M0310,2025-06-04 22:39:19,690,10124,523,12,25,470,compliance,desktop
M0311,2025-06-12 16:06:46,2330,970,38,45,28,312,discovery,mobile
M0312,2025-05-16 16:55:11,2112,723,85,43,13,161,portfolio,desktop
M0313,2025-06-24 01:26:43,2042,4424,368,100,11,832,marketplace,mobile
M0314,2026-03-09 15:38:57,1145,14885,174,109,22,572,marketplace,mobile
M0315,2025-12-07 01:40:52,1922,13988,793,14,3,845,marketplace,mobile
M0316,2025-02-02 14:22:01,2127,1927,191,80,3,255,discovery,desktop
M0317,2025-08-15 21:34:01,1858,12684,538,63,23,146,portfolio,mobile
M0318,2025-09-17 21:32:10,614,2214,226,56,13,832,marketplace,desktop
M0319,2026-01-03 21:43:28,1448,4898,537,21,2,317,discovery,mobile
M0320,2025-11-19 08:19:16,1527,10512,700,31,4,816,compliance,mobile
M0321,2025-04-18 04:24:02,1806,6973,439,114,14,573,discovery,tablet
M0322,2025-12-10 18:15:53,646,12818,30,91,25,574,marketplace,desktop
M0323,2025-09-02 12:22:57,1695,12854,188,55,1,447,marketplace,mobile
M0324,2026-05-14 05:47:18,668,14986,608,7,20,775,discovery,desktop
M0325,2026-06-13 20:20:56,2317,14512,331,92,23,366,discovery,desktop
M0326,2025-08-06 07:29:27,2211,10200,170,89,12,501,portfolio,mobile
M0327,2026-04-30 22:54:28,1861,11627,373,113,25,845,compliance,mobile
M0328,2025-08-23 04:57:10,395,805,570,42,12,787,portfolio,desktop
M0329,2026-02-25 01:03:37,1212,3701,115,65,17,364,discovery,mobile
M0330,2025-05-05 07:07:33,145,656,572,75,8,292,discovery,mobile
M0331,2026-01-28 11:00:03,502,12192,81,107,11,310,discovery,desktop
M0332,2026-05-21 14:49:08,560,7552,325,73,23,50,compliance,desktop
M0333,2025-07-03 09:10:23,2432,9466,751,114,30,687,portfolio,desktop
M0334,2025-08-10 00:07:33,2396,11217,163,91,12,577,portfolio,desktop
M0335,2026-02-06 03:21:35,2435,3354,389,58,3,195,compliance,mobile
M0336,2025-03-05 15:36:21,427,1218,455,113,4,532,portfolio,desktop
M0337,2025-10-14 20:08:35,2205,6798,622,71,16,842,compliance,mobile
M0338,2026-03-30 20:12:42,2093,10627,453,56,22,546,compliance,mobile
M0339,2025-04-23 02:48:28,2121,2282,516,91,14,177,marketplace,mobile
M0340,2025-12-20 17:52:29,1988,734,784,20,30,617,discovery,tablet
M0341,2025-04-03 05:57:35,1723,2007,143,47,18,341,marketplace,desktop
M0342,2025-04-02 10:52:26,1571,5195,403,38,9,542,marketplace,mobile
M0343,2025-04-21 09:40:40,2465,7110,69,119,28,357,discovery,desktop
M0344,2026-01-15 15:46:27,58,2204,580,44,2,90,compliance,desktop
M0345,2025-08-29 13:15:41,2367,7611,365,100,12,531,portfolio,mobile
M0346,2026-01-28 01:28:49,1937,12679,480,85,14,197,discovery,desktop
M0347,2026-05-01 06:33:53,1727,6544,258,115,12,392,marketplace,tablet
M0348,2025-12-11 03:54:42,1186,10782,110,110,5,769,marketplace,desktop
M0349,2025-08-28 21:20:43,2348,10770,146,82,17,132,portfolio,tablet
M0350,2026-02-25 20:31:26,2412,12612,74,72,16,238,compliance,desktop
M0351,2025-01-15 11:55:24,542,10984,564,23,30,64,discovery,mobile
M0352,2025-07-10 12:28:31,2423,7478,106,103,17,666,discovery,desktop
M0353,2025-02-04 22:33:21,2063,14322,43,43,13,229,compliance,desktop
M0354,2026-02-15 00:48:07,1349,6458,283,11,3,146,portfolio,desktop
M0355,2025-05-22 21:11:44,1096,12787,111,19,9,462,portfolio,desktop
M0356,2025-09-10 15:51:29,793,645,750,7,9,444,marketplace,desktop
M0357,2025-11-17 15:34:29,1377,4425,404,120,26,168,marketplace,desktop
M0358,2026-04-09 16:58:21,2450,4074,524,65,24,561,compliance,tablet
M0359,2025-07-29 03:53:00,298,5415,495,70,13,112,compliance,desktop
M0360,2026-05-08 02:03:56,1007,14718,39,34,17,645,marketplace,desktop
M0361,2026-03-07 20:29:46,564,5190,601,52,14,130,portfolio,mobile
M0362,2025-04-21 13:54:49,1579,9054,192,100,7,595,compliance,tablet
M0363,2026-03-08 04:47:16,1900,884,21,104,14,894,discovery,mobile
M0364,2025-05-11 00:13:14,52,1185,513,34,19,301,compliance,tablet
M0365,2026-05-07 01:11:29,921,9787,542,36,1,210,marketplace,desktop
M0366,2025-11-04 01:01:02,553,13806,163,92,17,331,compliance,desktop
M0367,2026-01-28 02:31:53,1353,14682,718,43,20,312,compliance,desktop
M0368,2026-05-30 09:44:18,1367,5797,235,58,30,658,discovery,desktop
M0369,2026-06-22 08:55:36,597,10791,22,77,15,49,marketplace,mobile
M0370,2025-11-17 21:55:01,2326,14868,733,90,15,825,compliance,desktop
M0371,2026-05-20 04:03:00,367,9025,51,114,26,880,compliance,mobile
M0372,2025-10-02 04:17:55,1591,13757,635,45,12,226,marketplace,desktop
M0373,2025-10-15 18:15:34,840,7483,29,28,23,65,discovery,mobile
M0374,2025-10-05 22:16:02,834,1674,648,80,9,872,portfolio,desktop
M0375,2026-01-19 13:15:38,1536,802,307,63,28,765,portfolio,desktop
M0376,2026-05-11 21:18:41,1672,2017,304,72,16,550,portfolio,desktop
M0377,2026-05-28 12:16:46,2367,11212,718,77,18,224,marketplace,desktop
M0378,2025-02-20 12:36:26,571,4453,603,109,7,580,discovery,desktop
M0379,2026-06-11 14:26:21,144,11553,714,68,19,303,compliance,desktop
M0380,2025-11-28 17:59:27,262,14189,350,55,27,461,discovery,desktop
M0381,2026-02-07 13:43:26,1961,8319,390,66,24,89,portfolio,desktop
M0382,2025-11-23 06:31:28,2230,7554,343,0,12,244,discovery,desktop
M0383,2026-03-21 03:29:24,153,12282,251,88,13,121,portfolio,desktop
M0384,2025-09-13 17:11:31,1323,1229,661,80,3,73,compliance,desktop
M0385,2025-01-19 15:49:51,2477,13261,661,119,10,301,portfolio,desktop
M0386,2025-07-05 03:20:15,1445,13839,75,105,10,577,portfolio,tablet
M0387,2026-04-12 00:09:09,1846,12718,117,80,14,637,marketplace,desktop
M0388,2025-02-17 03:17:11,186,6383,340,113,27,755,marketplace,mobile
M0389,2025-02-18 03:48:19,1860,1097,328,78,20,487,marketplace,desktop
M0390,2025-02-13 08:00:00,2340,1055,321,108,12,456,marketplace,mobile
M0391,2025-11-16 07:36:31,1004,14365,633,100,21,683,marketplace,desktop
M0392,2025-12-27 13:29:04,1803,14616,655,79,3,392,marketplace,desktop
M0393,2025-09-12 21:58:24,2457,3353,130,13,0,654,marketplace,desktop
M0394,2025-05-31 09:14:11,2397,2264,672,65,8,408,compliance,desktop
M0395,2026-04-28 05:29:57,1871,3246,268,17,25,90,marketplace,desktop
M0396,2026-03-31 00:17:07,1835,8607,687,96,11,363,portfolio,desktop
M0397,2025-08-28 18:06:29,1454,4968,397,1,16,645,portfolio,desktop
M0398,2026-01-29 21:10:32,2341,14268,75,54,11,245,portfolio,mobile
M0399,2025-06-06 07:46:52,330,5795,213,85,15,756,compliance,desktop
M0400,2025-09-15 04:59:53,2419,9474,363,78,9,473,discovery,desktop
